<?xml version="1.0"?>
<!--<!DOCTYPE metadata SYSTEM "http://www.esri.com/metadata/esriprof80.dtd">-->
<metadata xml:lang="fr"><Esri><CreaDate>20130709</CreaDate><CreaTime>16382500</CreaTime><SyncOnce>FALSE</SyncOnce><SyncDate>20081215</SyncDate><SyncTime>11572400</SyncTime><ModDate>20081215</ModDate><ModTime>11572400</ModTime><DataProperties><lineage><Process Name="FeatureClassToFeatureClass_1" ToolSource="C:\Program Files\ArcGIS\ArcToolbox\Toolboxes\Conversion Tools.tbx\FeatureClassToFeatureClass" Date="20081212" Time="162757">FeatureClassToFeatureClass C:\data\ArcGIS\maillages\L93\L93_10x10_TerreMer.shp C:\data\ArcGIS\maillages\L93\L93_10x10_TerreMer.mdb L93_10x10_TerreMer # "CD_SIG CD_SIG true false false 17 Text 0 0 ,First,#,C:\data\ArcGIS\maillages\L93\L93_10x10_TerreMer.shp,CD_SIG,-1,-1;CODE10KM CODE10KM true false false 10 Text 0 0 ,First,#,C:\data\ArcGIS\maillages\L93\L93_10x10_TerreMer.shp,CODE10KM,-1,-1;ESPACE ESPACE true false false 50 Text 0 0 ,First,#,C:\data\ArcGIS\maillages\L93\L93_10x10_TerreMer.shp,ESPACE,-1,-1;X X true false false 19 Double 11 18 ,First,#,C:\data\ArcGIS\maillages\L93\L93_10x10_TerreMer.shp,X,-1,-1;Y Y true false false 19 Double 11 18 ,First,#,C:\data\ArcGIS\maillages\L93\L93_10x10_TerreMer.shp,Y,-1,-1;CD_SIG2 CD_SIG2 true false false 17 Text 0 0 ,First,#,C:\data\ArcGIS\maillages\L93\L93_10x10_TerreMer.shp,CD_SIG2,-1,-1" # C:\data\ArcGIS\maillages\L93\L93_10x10_TerreMer.mdb\L93_10x10_TerreMer</Process><Process Name="FeatureClassToFeatureClass_2" ToolSource="C:\Program Files\ArcGIS\ArcToolbox\Toolboxes\Conversion Tools.tbx\FeatureClassToFeatureClass" Date="20081212" Time="163330">FeatureClassToFeatureClass C:\data\ArcGIS\maillages\L93\L93_10x10_TerreMer.mdb\L93_10x10_TerreMer C:\data\ArcGIS\maillages\L93 L93_10x10_TerreMer.shp # "CD_SIG CD_SIG true true false 17 Text 0 0 ,First,#,C:\data\ArcGIS\maillages\L93\L93_10x10_TerreMer.mdb\L93_10x10_TerreMer,CD_SIG,-1,-1;CODE10KM CODE10KM true true false 10 Text 0 0 ,First,#,C:\data\ArcGIS\maillages\L93\L93_10x10_TerreMer.mdb\L93_10x10_TerreMer,CODE10KM,-1,-1;ESPACE ESPACE true true false 50 Text 0 0 ,First,#,C:\data\ArcGIS\maillages\L93\L93_10x10_TerreMer.mdb\L93_10x10_TerreMer,ESPACE,-1,-1;X X true true false 8 Double 0 0 ,First,#,C:\data\ArcGIS\maillages\L93\L93_10x10_TerreMer.mdb\L93_10x10_TerreMer,X,-1,-1;Y Y true true false 8 Double 0 0 ,First,#,C:\data\ArcGIS\maillages\L93\L93_10x10_TerreMer.mdb\L93_10x10_TerreMer,Y,-1,-1;CD_SIG2 CD_SIG2 true true false 17 Text 0 0 ,First,#,C:\data\ArcGIS\maillages\L93\L93_10x10_TerreMer.mdb\L93_10x10_TerreMer,CD_SIG2,-1,-1;Shape_Leng Shape_Length false true true 8 Double 0 0 ,First,#,C:\data\ArcGIS\maillages\L93\L93_10x10_TerreMer.mdb\L93_10x10_TerreMer,Shape_Length,-1,-1;Shape_Area Shape_Area false true true 8 Double 0 0 ,First,#,C:\data\ArcGIS\maillages\L93\L93_10x10_TerreMer.mdb\L93_10x10_TerreMer,Shape_Area,-1,-1" # C:\data\ArcGIS\maillages\L93\L93_10x10_TerreMer.shp</Process><Process Name="FeatureClassToFeatureClass_1" ToolSource="C:\Program Files\ArcGIS\ArcToolbox\Toolboxes\Conversion Tools.tbx\FeatureClassToFeatureClass" Date="20081215" Time="112438">FeatureClassToFeatureClass C:\data\ArcGIS\maillages\L93\L93_10x10_TerreMer.shp C:\data\ArcGIS\maillages\L93\PourAdmin.mdb L93_10x10_TerreMer # "CD_SIG CD_SIG true false false 17 Text 0 0 ,First,#,C:\data\ArcGIS\maillages\L93\L93_10x10_TerreMer.shp,CD_SIG,-1,-1;CODE10KM CODE10KM true false false 10 Text 0 0 ,First,#,C:\data\ArcGIS\maillages\L93\L93_10x10_TerreMer.shp,CODE10KM,-1,-1;ESPACE ESPACE true false false 50 Text 0 0 ,First,#,C:\data\ArcGIS\maillages\L93\L93_10x10_TerreMer.shp,ESPACE,-1,-1;X X true false false 19 Double 11 18 ,First,#,C:\data\ArcGIS\maillages\L93\L93_10x10_TerreMer.shp,X,-1,-1;Y Y true false false 19 Double 11 18 ,First,#,C:\data\ArcGIS\maillages\L93\L93_10x10_TerreMer.shp,Y,-1,-1;CD_SIG2 CD_SIG2 true false false 17 Text 0 0 ,First,#,C:\data\ArcGIS\maillages\L93\L93_10x10_TerreMer.shp,CD_SIG2,-1,-1;x2 x2 true false false 19 Double 0 0 ,First,#,C:\data\ArcGIS\maillages\L93\L93_10x10_TerreMer.shp,x2,-1,-1;y2 y2 true false false 19 Double 0 0 ,First,#,C:\data\ArcGIS\maillages\L93\L93_10x10_TerreMer.shp,y2,-1,-1" # C:\data\ArcGIS\maillages\L93\PourAdmin.mdb\L93_10x10_TerreMer</Process><Process Name="FeatureClassToFeatureClass_2" ToolSource="C:\Program Files\ArcGIS\ArcToolbox\Toolboxes\Conversion Tools.tbx\FeatureClassToFeatureClass" Date="20081215" Time="115728">FeatureClassToFeatureClass C:\data\ArcGIS\maillages\L93\PourAdmin.mdb\L93_10x10_TerreMer C:\data\ArcGIS\maillages\L93 L93_10x10_TerreMer_new.shp # "CD_SIG CD_SIG true true false 17 Text 0 0 ,First,#,C:\data\ArcGIS\maillages\L93\PourAdmin.mdb\L93_10x10_TerreMer,CD_SIG,-1,-1;CODE10KM CODE10KM true true false 10 Text 0 0 ,First,#,C:\data\ArcGIS\maillages\L93\PourAdmin.mdb\L93_10x10_TerreMer,CODE10KM,-1,-1;ESPACE ESPACE true true false 50 Text 0 0 ,First,#,C:\data\ArcGIS\maillages\L93\PourAdmin.mdb\L93_10x10_TerreMer,ESPACE,-1,-1;X X true true false 8 Double 0 0 ,First,#,C:\data\ArcGIS\maillages\L93\PourAdmin.mdb\L93_10x10_TerreMer,X,-1,-1;Y Y true true false 8 Double 0 0 ,First,#,C:\data\ArcGIS\maillages\L93\PourAdmin.mdb\L93_10x10_TerreMer,Y,-1,-1;CD_SIG2 CD_SIG2 true true false 17 Text 0 0 ,First,#,C:\data\ArcGIS\maillages\L93\PourAdmin.mdb\L93_10x10_TerreMer,CD_SIG2,-1,-1;x2 x2 true true false 8 Double 0 0 ,First,#,C:\data\ArcGIS\maillages\L93\PourAdmin.mdb\L93_10x10_TerreMer,x2,-1,-1;y2 y2 true true false 8 Double 0 0 ,First,#,C:\data\ArcGIS\maillages\L93\PourAdmin.mdb\L93_10x10_TerreMer,y2,-1,-1;Shape_Leng Shape_Length false true true 8 Double 0 0 ,First,#,C:\data\ArcGIS\maillages\L93\PourAdmin.mdb\L93_10x10_TerreMer,Shape_Length,-1,-1;Shape_Area Shape_Area false true true 8 Double 0 0 ,First,#,C:\data\ArcGIS\maillages\L93\PourAdmin.mdb\L93_10x10_TerreMer,Shape_Area,-1,-1;xTxt xTxt true true false 50 Text 0 0 ,First,#,C:\data\ArcGIS\maillages\L93\PourAdmin.mdb\L93_10x10_TerreMer,xTxt,-1,-1;yTxT yTxT true true false 50 Text 0 0 ,First,#,C:\data\ArcGIS\maillages\L93\PourAdmin.mdb\L93_10x10_TerreMer,yTxT,-1,-1" # C:\data\ArcGIS\maillages\L93\L93_10x10_TerreMer_new.shp</Process><Process ToolSource="c:\program files\arcgis\desktop10.1\ArcToolbox\Toolboxes\Data Management Tools.tbx\AddField" Date="20130225" Time="152819">AddField L93_10x10_TerreMer CD_SIG_X TEXT # # 30 # NULLABLE NON_REQUIRED #</Process><Process ToolSource="c:\program files\arcgis\desktop10.1\ArcToolbox\Toolboxes\Data Management Tools.tbx\CalculateField" Date="20130225" Time="152821">CalculateField L93_10x10_TerreMer CD_SIG_X !CD_SIG! PYTHON_9.3 #</Process><Process ToolSource="c:\program files\arcgis\desktop10.1\ArcToolbox\Toolboxes\Data Management Tools.tbx\AddField" Date="20130225" Time="163613">AddField L93_10x10_TerreMer CD_SIG_X TEXT # # 30 # NULLABLE NON_REQUIRED #</Process><Process ToolSource="c:\program files\arcgis\desktop10.1\ArcToolbox\Toolboxes\Data Management Tools.tbx\CalculateField" Date="20130225" Time="163614">CalculateField L93_10x10_TerreMer CD_SIG_X !CD_SIG! PYTHON_9.3 #</Process><Process ToolSource="c:\program files\arcgis\desktop10.1\ArcToolbox\Toolboxes\Data Management Tools.tbx\AddField" Date="20130225" Time="164021">AddField L93_10x10_TerreMer CD_SIG_X TEXT # # 30 # NULLABLE NON_REQUIRED #</Process><Process ToolSource="c:\program files\arcgis\desktop10.1\ArcToolbox\Toolboxes\Data Management Tools.tbx\CalculateField" Date="20130225" Time="164022">CalculateField L93_10x10_TerreMer CD_SIG_X !CD_SIG! PYTHON_9.3 #</Process><Process ToolSource="c:\program files\arcgis\desktop10.1\ArcToolbox\Toolboxes\Data Management Tools.tbx\DeleteField" Date="20130225" Time="164158">DeleteField L93_10x10_TerreMer CD_SIG_X</Process></lineage><itemProps><itemLocation><linkage Sync="TRUE">file://\\egb308spn\vecteur\arcgis\shape\maillages\metropole\L93_10x10_TerreMer</linkage><protocol Sync="TRUE">Local Area Network</protocol></itemLocation></itemProps><copyHistory><copy source="D:\data\ArcGIS\maillages\L93\L93_10x10_TerreMer" dest="\\egb308spn\vecteur\arcgis\shape\maillages\metropole\L93_10x10_TerreMer" date="20130709" time="16382500"></copy></copyHistory></DataProperties><ArcGISstyle>ISO 19139 Metadata Implementation Specification</ArcGISstyle></Esri><idinfo><native Sync="TRUE">Microsoft Windows XP Version 5.1 (Build 2600) Service Pack 2; ESRI ArcCatalog 9.2.5.1450</native><descript><langdata Sync="TRUE">fr</langdata><abstract>REQUIRED: A brief narrative summary of the data set.</abstract><purpose>REQUIRED: A summary of the intentions with which the data set was developed.</purpose></descript><citation><citeinfo><origin>REQUIRED: The name of an organization or individual that developed the data set.</origin><pubdate>REQUIRED: The date when the data set is published or otherwise made available for release.</pubdate><title Sync="TRUE">L93_10x10_TerreMer_new</title><ftname Sync="TRUE">L93_10x10_TerreMer_new</ftname><geoform Sync="TRUE">vector digital data</geoform><onlink Sync="TRUE">\\EGB308GGR\C$\data\ArcGIS\maillages\L93\L93_10x10_TerreMer_new.shp</onlink></citeinfo></citation><timeperd><current>REQUIRED: The basis on which the time period of content information is determined.</current><timeinfo><sngdate><caldate>REQUIRED: The year (and optionally month, or month and day) for which the data set corresponds to the ground.</caldate></sngdate></timeinfo></timeperd><status><progress>REQUIRED: The state of the data set.</progress><update>REQUIRED: The frequency with which changes and additions are made to the data set after the initial data set is completed.</update></status><spdom><bounding><westbc Sync="TRUE">REQUIRED: Western-most coordinate of the limit of coverage expressed in longitude.</westbc><eastbc Sync="TRUE">REQUIRED: Eastern-most coordinate of the limit of coverage expressed in longitude.</eastbc><northbc Sync="TRUE">REQUIRED: Northern-most coordinate of the limit of coverage expressed in latitude.</northbc><southbc Sync="TRUE">REQUIRED: Southern-most coordinate of the limit of coverage expressed in latitude.</southbc></bounding></spdom><keywords><theme><themekt>REQUIRED: Reference to a formally registered thesaurus or a similar authoritative source of theme keywords.</themekt><themekey>REQUIRED: Common-use word or phrase used to describe the subject of the data set.</themekey></theme></keywords><accconst>REQUIRED: Restrictions and legal prerequisites for accessing the data set.</accconst><useconst>REQUIRED: Restrictions and legal prerequisites for using the data set after access is granted.</useconst><natvform Sync="TRUE">Fichier de formes</natvform></idinfo><dataIdInfo><envirDesc Sync="TRUE">Microsoft Windows XP Version 5.1 (Build 2600) Service Pack 2; ESRI ArcCatalog 9.2.5.1450</envirDesc><dataLang><languageCode Sync="TRUE" value="fr"></languageCode></dataLang><idCitation><resTitle Sync="TRUE">L93_10x10_TerreMer_new</resTitle></idCitation></dataIdInfo><metainfo><langmeta Sync="TRUE">fr</langmeta><metstdn Sync="TRUE">FGDC Content Standards for Digital Geospatial Metadata</metstdn><metstdv Sync="TRUE">FGDC-STD-001-1998</metstdv><mettc Sync="TRUE">local time</mettc><metc><cntinfo><cntorgp><cntper>REQUIRED: The person responsible for the metadata information.</cntper><cntorg>REQUIRED: The organization responsible for the metadata information.</cntorg></cntorgp><cntaddr><addrtype>REQUIRED: The mailing and/or physical address for the organization or individual.</addrtype><city>REQUIRED: The city of the address.</city><state>REQUIRED: The state or province of the address.</state><postal>REQUIRED: The ZIP or other postal code of the address.</postal></cntaddr><cntvoice>REQUIRED: The telephone number by which individuals can speak to the organization or individual.</cntvoice></cntinfo></metc><metd Sync="TRUE">20081215</metd><metextns><onlink Sync="TRUE">http://www.esri.com/metadata/esriprof80.html</onlink><metprof Sync="TRUE">ESRI Metadata Profile</metprof></metextns></metainfo><mdLang><languageCode Sync="TRUE" value="fr"></languageCode></mdLang><mdStanName Sync="TRUE">ISO 19115 Informations géographiques - Métadonnées</mdStanName><mdStanVer Sync="TRUE"># 11108</mdStanVer><mdChar><CharSetCd Sync="TRUE" value="# 11111"></CharSetCd></mdChar><mdHrLv><ScopeCd Sync="TRUE" value="# 11109"></ScopeCd></mdHrLv><mdHrLvName Sync="TRUE"># 11110</mdHrLvName><distinfo><resdesc Sync="TRUE">Downloadable Data</resdesc><stdorder><digform><digtinfo><transize Sync="TRUE">0.000</transize><dssize Sync="TRUE">0.000</dssize></digtinfo></digform></stdorder></distinfo><distInfo><distributor><distorTran><onLineSrc><orDesc Sync="TRUE">002</orDesc><linkage Sync="TRUE">file://\\EGB308GGR\C$\data\ArcGIS\maillages\L93\L93_10x10_TerreMer_new.shp</linkage><protocol Sync="TRUE">Local Area Network</protocol></onLineSrc><transSize Sync="TRUE">0.000</transSize></distorTran><distorFormat><formatName Sync="TRUE">Fichier de formes</formatName></distorFormat></distributor></distInfo><spdoinfo><direct Sync="TRUE">Vector</direct><ptvctinf><esriterm Name="L93_10x10_TerreMer_new"><efeatyp Sync="TRUE">Simple</efeatyp><efeageom Sync="TRUE">Polygon</efeageom><esritopo Sync="TRUE">FALSE</esritopo><efeacnt Sync="TRUE">0</efeacnt><spindex Sync="TRUE">FALSE</spindex><linrefer Sync="TRUE">FALSE</linrefer></esriterm><sdtsterm Name="L93_10x10_TerreMer_new"><sdtstype Sync="TRUE">G-polygon</sdtstype><ptvctcnt Sync="TRUE">0</ptvctcnt></sdtsterm></ptvctinf></spdoinfo><spref><horizsys><cordsysn><geogcsn Sync="TRUE">GCS_RGF_1993</geogcsn><projcsn Sync="TRUE">RGF93_Lambert_93</projcsn></cordsysn><planar><planci><plance Sync="TRUE">coordinate pair</plance><plandu Sync="TRUE">meters</plandu><coordrep><absres Sync="TRUE">0.000000</absres><ordres Sync="TRUE">0.000000</ordres></coordrep></planci><mapproj><mapprojn Sync="TRUE">Lambert Conformal Conic</mapprojn><lambertc><stdparll Sync="TRUE">44.000000</stdparll><stdparll Sync="TRUE">49.000000</stdparll><longcm Sync="TRUE">3.000000</longcm><latprjo Sync="TRUE">46.500000</latprjo><feast Sync="TRUE">700000.000000</feast><fnorth Sync="TRUE">6600000.000000</fnorth></lambertc></mapproj></planar><geodetic><horizdn Sync="TRUE">D_RGF_1993</horizdn><ellips Sync="TRUE">Geodetic Reference System 80</ellips><semiaxis Sync="TRUE">6378137.000000</semiaxis><denflat Sync="TRUE">298.257222</denflat></geodetic></horizsys></spref><refSysInfo><RefSystem><refSysID><identCode Sync="TRUE">RGF93_Lambert_93</identCode></refSysID></RefSystem></refSysInfo><spatRepInfo><VectSpatRep><topLvl><TopoLevCd Sync="TRUE" value="001"></TopoLevCd></topLvl><geometObjs Name="L93_10x10_TerreMer_new"><geoObjTyp><GeoObjTypCd Sync="TRUE" value="001"></GeoObjTypCd></geoObjTyp><geoObjCnt Sync="TRUE">0</geoObjCnt></geometObjs></VectSpatRep></spatRepInfo><eainfo><detailed Name="L93_10x10_TerreMer_new"><enttyp><enttypl Sync="TRUE">L93_10x10_TerreMer_new</enttypl><enttypt Sync="TRUE">Feature Class</enttypt><enttypc Sync="TRUE">0</enttypc></enttyp><attr><attrlabl Sync="TRUE">Shape</attrlabl><attalias Sync="TRUE">Shape</attalias><attrtype Sync="TRUE">Geometry</attrtype><attwidth Sync="TRUE">0</attwidth><atprecis Sync="TRUE">0</atprecis><attscale Sync="TRUE">0</attscale><attrdef Sync="TRUE">Feature geometry.</attrdef><attrdefs Sync="TRUE">ESRI</attrdefs><attrdomv><udom Sync="TRUE">Coordinates defining the features.</udom></attrdomv></attr><attr><attrlabl Sync="TRUE">CD_SIG</attrlabl><attalias Sync="TRUE">CD_SIG</attalias><attrtype Sync="TRUE">String</attrtype><attwidth Sync="TRUE">17</attwidth><atprecis Sync="TRUE">0</atprecis><attscale Sync="TRUE">0</attscale></attr><attr><attrlabl Sync="TRUE">CODE10KM</attrlabl><attalias Sync="TRUE">CODE10KM</attalias><attrtype Sync="TRUE">String</attrtype><attwidth Sync="TRUE">17</attwidth></attr><attr><attrlabl Sync="TRUE">ESPACE</attrlabl><attalias Sync="TRUE">ESPACE</attalias><attrtype Sync="TRUE">String</attrtype><attwidth Sync="TRUE">10</attwidth></attr><attr><attrlabl Sync="TRUE">X</attrlabl><attalias Sync="TRUE">X</attalias><attrtype Sync="TRUE">String</attrtype><attwidth Sync="TRUE">50</attwidth></attr><attr><attrlabl Sync="TRUE">Y</attrlabl><attalias Sync="TRUE">Y</attalias><attrtype Sync="TRUE">Float</attrtype><attwidth Sync="TRUE">19</attwidth><atnumdec Sync="TRUE">11</atnumdec></attr><attr><attrlabl Sync="TRUE">CD_SIG2</attrlabl><attalias Sync="TRUE">CD_SIG2</attalias><attrtype Sync="TRUE">Float</attrtype><attwidth Sync="TRUE">19</attwidth><atnumdec Sync="TRUE">11</atnumdec></attr><attr><attrlabl Sync="TRUE">x2</attrlabl><attalias Sync="TRUE">x2</attalias><attrtype Sync="TRUE">String</attrtype><attwidth Sync="TRUE">17</attwidth></attr><attr><attrlabl Sync="TRUE">y2</attrlabl><attalias Sync="TRUE">y2</attalias><attrtype Sync="TRUE">Float</attrtype><attwidth Sync="TRUE">19</attwidth><atnumdec Sync="TRUE">11</atnumdec></attr><attr><attrlabl Sync="TRUE">Shape_Area</attrlabl><attalias Sync="TRUE">Shape_Area</attalias><attrtype Sync="TRUE">Float</attrtype><attwidth Sync="TRUE">19</attwidth><attrdef Sync="TRUE">Area of feature in internal units squared.</attrdef><attrdefs Sync="TRUE">ESRI</attrdefs><attrdomv><udom Sync="TRUE">Positive real numbers that are automatically generated.</udom></attrdomv><atnumdec Sync="TRUE">11</atnumdec></attr><attr><attrlabl Sync="TRUE">FID</attrlabl><attalias Sync="TRUE">FID</attalias><attrtype Sync="TRUE">Float</attrtype><attwidth Sync="TRUE">19</attwidth><attrdef Sync="TRUE">Internal feature number.</attrdef><attrdefs Sync="TRUE">ESRI</attrdefs><attrdomv><udom Sync="TRUE">Sequential unique whole numbers that are automatically generated.</udom></attrdomv><atnumdec Sync="TRUE">11</atnumdec></attr><attr><attrlabl Sync="TRUE">Shape_Leng</attrlabl><attalias Sync="TRUE">Shape_Leng</attalias><attrtype Sync="TRUE">Float</attrtype><attwidth Sync="TRUE">19</attwidth><atnumdec Sync="TRUE">11</atnumdec></attr><attr><attrlabl Sync="TRUE">xTxt</attrlabl><attalias Sync="TRUE">xTxt</attalias><attrtype Sync="TRUE">String</attrtype><attwidth Sync="TRUE">50</attwidth></attr><attr><attrlabl Sync="TRUE">yTxT</attrlabl><attalias Sync="TRUE">yTxT</attalias><attrtype Sync="TRUE">String</attrtype><attwidth Sync="TRUE">50</attwidth></attr></detailed></eainfo><mdDateSt Sync="TRUE">20081215</mdDateSt></metadata>
